color,product_id,rating,size,text,timestamp
RED WINE,3252985,5,3XL,Received it on timeSatisfactory Customer ServiceGood qualityNice,1623520141.0
RED WINE,3252985,5,L,This looks as described and good in cold water wash.,1619273925.0
WHITE,3252985,5,L,Nice,1618661282.0
BLUE,3252985,5,L,Nice,1616973071.0
RED WINE,3252985,5,L,Great looking hoodie. had some freys but was given a credit. great CS.,1604423097.0
BLUE,3252985,5,XL,Great looking hoodie. had some freys but was given a credit. very good CS.,1604423007.0
WHITE,3252985,5,2XL,Excellent quality and fits very well. Very Happy.,1587781802.0
ASH GRAY,3252985,5,M,Awesome hoodie. Thank you very much.,1578183611.0
WHITE,3252985,5,XL,Looks great,1571004550.0
RED WINE,3252985,5,3XL,I haven‚Äôt had a chance to wear this but once but everyone loves it. I really love the color.,1550456640.0
WHITE,3252985,5,L,I love this jacket it's very trim fits like a glove,1540746562.0
WHITE,3252985,5,M,Nice,1540458643.0
DARK GRAY,3252983,5,M,Great idea,1589226294.0
CADETBLUE,3252983,5,XS,really very nice,1576503999.0
CARBON GRAY,3647294,5,L,"Lo compr√© para m√≠ marido y le qued√≥ muy bien, tard√≥ casi 3 semanas en llegar pero a √©l le gust√≥ bastante, adem√°s es calentito y la tela est√° muy bien.",1616602428.0
RED WINE,3647294,5,XL,Good qualityNiceReceived it on timeSatisfactory Customer Service,1616495076.0
CARBON GRAY,3647294,4,2XL,Fits pretty good. The string location is off but fits my fianc√© well.,1602722609.0
CARBON GRAY,3647294,5,M,Fits perfect,1601581082.0
CARBON GRAY,3647294,5,L,this was a perfect fit and so soft and warm. my boyfriend loves it and I love to borrow it from him.,1600350352.0
LIGHT GRAY,3647294,5,S,"Excellent! Sheer gray, though she stands out. It is worth paying attention to the overlay under the neck. Simple myk, and the sweatshirt is not so simple. It goes with everything. My colleague wears it with pleasure. Fast delivery.",1594390346.0
LIGHT GRAY,3647294,5,L,"very awesome hoodie, it is warm and it is very convenient for everyday wear.",1589574774.0
CARBON GRAY,3647294,5,L,Buy this sweatshirt. Amazingly warm. high hoodie collar is cool design. best 20 dollars you can ever spend.,1584859246.0
CAMEL BROWN,3647294,5,L,Best 20 dollars money can buy.  I have four of these in different colors. size is consistent with what you think you are,1584858512.0
CARBON GRAY,3647294,5,L,Good looking hoodie,1580015281.0
CARBON GRAY,3647294,5,M,Really warm hoodie,1580015191.0
RED WINE,3647294,4,L,Came in good shape. Comfortable,1579125529.0
CAMEL BROWN,3647294,4,L,Came in good shape. Quality is lower than expected but it‚Äôs comfortable and looks nice.,1579125509.0
CARBON GRAY,3647294,5,M,Really comfortable and soft,1577802650.0
CARBON GRAY,3647294,5,M,size is right on. Item is just as it says.,1577251617.0
CARBON GRAY,3647294,5,M,Amazing,1574833044.0
CARBON GRAY,3647294,5,XL,muy buenos s√∫per c√°lido y llego s√∫per r√°pido,1572612951.0
RED WINE,3647294,5,L,"Fits comfortably, looks exactly like the picture.",1571333917.0
CARBON GRAY,3647294,5,S,I hope I get it.,1571288876.0
RED WINE,3647294,4,XS,"el color es el indicado, solo la talla es un poco grande",1570241595.0
CARBON GRAY,3647294,5,XL,muy buenos s√∫per c√°lido y llego s√∫per r√°pido,1572612951.0
RED WINE,3647294,5,L,"Fits comfortably, looks exactly like the picture.",1571333917.0
CARBON GRAY,3647294,5,S,I hope I get it.,1571288876.0
RED WINE,3647294,4,XS,"el color es el indicado, solo la talla es un poco grande",1570241595.0
CAMEL BROWN,3647294,5,XL,"good quality, and the size arrive great, thank you",1541817283.0
WHITE,8173605,5,XL,My son loved this sweatshirt. Fit perfect. Looks just like the picture,1622902405.0
multicolor,7784203,5,2XL,"When I first saw this on the website, I liked its design. When it arrived, I was surprised by its material, it is thicker than I expected, so it is perfect for this season. It arrived very fast, via experss shipping. I love how it looks in real life, it is just wonderful. The design is exactly as in the pictures from the website. I am very satisfied with this purchase.",1602327588.0
OCEAN BLUE,5475390,5,M,my husband loves this hoodie - its made out of lycra type material nfits really well,1610036216.0
OCEAN BLUE,5475390,5,L,husband  loves this!,1571064004.0
BLACK,8363487,5,M,my boyfriend seriously loved his hoodie. I'm buying another for my brother in law. n,1609077787.0
BLACK,8342119,5,L,soft and comfortable true to size,1604960106.0
GRAY,8164703,5,M,love this,1616065101.0
BLUE,8226208,4,XL,a bit small,1599709780.0
BLUE,8226208,5,L,prix pas trop ch√®re et bonne qualit√©,1587910033.0
multicolor,6579813,5,L,NiceCuteReceived it on timeGood quality,1621284820.0
multicolor,6579813,5,L,bought for my husband and he we both love it,1607263579.0
SHAMROCK GREEN,6579813,5,3XL,Fits well :),1606290915.0
BLACK,6579813,5,XL,Perfect fit!,1575584058.0
COBALT BLUE,6579813,5,XL,Looks as pictured and fits as expected,1574116192.0
multicolor,6579813,5,2XL,Fits great and looks just like picture,1574116127.0
multicolor,6579813,5,L,Great little Hoody love the material will definitely buy again,1573546837.0
SHAMROCK GREEN,6579813,5,M,This hoodie was the talk of the office during the 2018 holiday season. Can‚Äôt wait to order another style for 2019.,1566298010.0
multicolor,6579813,5,L,Absolutely love it. Highly recommend.,1559551866.0
BLACK,6579813,5,L,Satisfactory Customer Service,1548136339.0
COBALT BLUE,6579813,5,3XL,"I was happy to get the item on time and there sizes are perfect when you use there information checklist you can't go wrong, that's always been a worrying issue for me when buying sized items online but no problems with Dreslily there measurements are 100% perfect to ratio, Thanks heaps guys.",1546370001.0
BLACK,6579813,5,3XL,mine came in 1st &amp; this is for my hubby. i love it. Quality is perfect.,1544829427.0
multicolor,6579813,5,M,Received it on time really happy   I'll be buying from them again,1544524409.0
,6579813,5,,I am happy I have this for Christmas parties to come.This hoodie was a total hit at every Christmas party I wore it to! I cannot tell you how many times I was asked where I got it from :-) I am happy I have this for Christmas parties to come!,1541496715.0
,6579813,5,,"I bought one for my husband, it's very fit for him and so christmas! We are really really love it!",1541409903.0
,6579813,5,,"You know what is hard about reviewing this sweater. I am really need a holiday-type clothes for christmas. Is the pattern busy? Yes. It is Christmas colored? Yes. It is a nice, soft hoodie that will probably be worn for a while after the holiday season. It washes well and still looks nice.",1541323730.0
,6579813,5,,Nice product. Thank you,1541151027.0
LIGHT GRAY,8170507,5,2XL,I love it. It's a nice lightweight hoodie with breathable material. Great all year round.,1624303088.0
LIGHT GRAY,8170507,5,L,little small especially if you put it through the wash,1608488085.0
LIGHT GRAY,8170507,4,L,It is slightly blurry but still fits and looks good,1600572498.0
LIGHT BROWN,7471462,5,L,great! one of my favorites on my hubby. looks nice and fits great and shows cat daddy pride,1571354379.0
DARK GRAY,4757543,5,2XL,super soft and cozy material. nbeautiful colour and fit. i can only recommend it.,1616244983.0
DARK GRAY,4757543,5,2XL,Very nice and comfortable,1591492886.0
ARMY GREEN,4757543,5,S,One of my favorite hoodies.  Very warm also,1578820600.0
DARK GRAY,4757543,5,2XL,Arrived on time liked the fit,1576826319.0
CADETBLUE,4757543,5,M,Love the hoodie,1575856423.0
ARMY GREEN,4757543,5,2XL,Perfekt,1575146094.0
BLACK,4757543,5,2XL,Perfekt,1575146089.0
ARMY GREEN,4757543,5,M,I ordered this with the faux back pocket jogger pants with the idea of having an army green outfit. It came in the mail and I was happy to get it. Although the shades of green are off I can still make it work.,1574597597.0
LIGHT GRAY,4757543,5,M,The best hoodie I‚Äôve ever owned.,1573387982.0
DARK GRAY,4757543,5,XL,"Love the way this hoodie fits. It's built pretty well and has been complimented on several occasions, so much so, that I am going to be buying one in another color. Thanks!",1573263483.0
RED WINE,4757543,5,M,"Very warm, bf really liked it. It's also very soft and fits well.",1573243493.0
DARK GRAY,4757543,5,L,Perfect Fit,1573156230.0
ARMY GREEN,4757543,5,L,really nice material,1571751559.0
KHAKI,4757543,5,M,it's a cool topn,1571205429.0
KHAKI,4757543,5,2XL,"great quality, just what I expected",1571169569.0
ARMY GREEN,4757543,5,S,Sieht aus wie auf dem Foto!  Geiler Stoff !!,1569578778.0
RED WINE,4757543,5,S,so warm and  stylish,1568987097.0
DARK GRAY,4757543,5,M,happy with purchase.Thanks,1568290952.0
CADETBLUE,4757543,5,L,My husband loved it! Good material.,1567804817.0
ARMY GREEN,4757543,5,L,I really love it,1567077738.0
ARMY GREEN,4757543,5,S,Thank you,1565322594.0
CADETBLUE,4757543,5,M,I bought this for my boyfriend he loves it,1564493885.0
RED WINE,4757543,5,S,Received it on time,1564449265.0
ARMY GREEN,4757543,5,S,Cute,1564448980.0
DARK GRAY,4757543,5,2XL,Fits great sizing chart was pretty accurate  came within a week didn‚Äôt have to wait long and was reasonably inexpensive,1564005509.0
ARMY GREEN,4757543,5,M,"The color is great, it's thinner that you think, but it is still very warm, all around a good purchase",1561217547.0
DARK GRAY,4757543,5,L,Was hesitant in ordering from a new site but everything went great. Material is soft and the look is really nice. Got a large and I‚Äôm about 6‚Äô0 medium build. I‚Äôll be ordering again.,1557574061.0
DARK GRAY,4757543,5,2XL,I ordered one for my husband . He is so satisfied with the product now buying more 2 of it .,1556576764.0
ARMY GREEN,4757543,5,2XL,my husband loves his.,1556496936.0
ARMY GREEN,4757543,5,XL,"Amazing product, fast stress free purchase. Super fast delivery. One very happy customer.",1555143369.0
LIGHT GRAY,4757543,5,M,Love the way it fits!!,1554845159.0
ARMY GREEN,4757543,5,M,Sweet!!,1553679727.0
BLACK,4757543,5,M,Love it ,1553679712.0
RED WINE,4757543,5,M,Love it!!!,1553679685.0
KHAKI,4757543,5,XL,,1552472454.0
LIGHT GRAY,4757543,5,S,The texture of the fabric is amazing and the fit elaborates my muscle definition. Thumbs up!,1551853458.0
BEIGE,4757543,5,2XL,Much tighter than expected   And I got the 2XL,1551737342.0
BLACK,4757543,5,L,"Perfect. Just like everything else I order from this site!! Always happy, that‚Äôs why I continue to order from here. Just wish I could get what I order a little quicker, but other than that I never have any complaints, at all!!",1551124783.0
KHAKI,4757543,5,M,Good quality so nice hoodie!,1551084558.0
LIGHT GRAY,4757543,5,S,–•–æ—Ä–æ—à–µ–µ –∫–∞—á–µ—Å—Ç–≤–æ,1550217648.0
DARK GRAY,4757543,5,S,"Delivery: Was a bit anxious when I read multiple bad reviews regarding dresslily's reliability on trustpilot. Over half of the reviews were negative. Got even more nervous when the track 'n trace site could not find any other information but the hoodie leaving the warehouse. No information, multiple consecutive days in a row. Something about an ""unknown track"". But it got here, 10 days after the order was confirmed. That's even faster than expected. Also, because I did not spend more than ‚Ç¨22 (I got this hoodie for ‚Ç¨10 - ‚Ç¨11, and ‚Ç¨2 - ‚Ç¨3 shipping), no extra fees applied (importing stuff from outside of Europe will cost more; ‚Ç¨22 is the limit, I think?).  Quality: It's 5% cotton and 95% polyester. So even though the material is not that thick, it still keeps me warm. Wouldn't recommend working out in this hoodie, though; it doesn't really ""breathe"". It was not damaged, either during fabrication or transport.  I'm 193cm, or well over 6'3, and I got an S, which fits perfectly. So the measuring tables were accurate. Wouldn't know what giant would need XL then, but ok.  I'm very, very pleased. It is a great hoodie. Really glad I ordered it, since they seem to be out of stock at the time of writing this review.",1549894579.0
KHAKI,4757543,5,M,It's really comfortable. Very Nice nice product.,1549845407.0
ARMY GREEN,4757543,5,2XL,"Good quality, I had to exchange this for a larger size, it great and feels good. love it.",1549491709.0
ARMY GREEN,4757543,5,L,Good quality,1548883251.0
BEIGE,4757543,4,M,"It is a nice, warm hoodie and am loving it. The entire hoodie is perfect if you are on the long side.   I ordered the beige colored of size M. The color is as depicted on the original photo.  The size is bigger than expected especially with the shoulders as you can see on my photo's. My length is 1.80 meter andt it drapes a bit over the hands and legs. I placed my hand on my waist to give an indication. If you are not that wide I suggest on getting a size smaller. Which I will be doing as well.   This one I will be using as a chill outfit.",1547626562.0
KHAKI,4757543,5,S,Material is very good,1547566526.0
RED WINE,4757543,5,M,The pullover is a bit longer and ideal for larger people. It wears very well and you can wash it without any problems I was so to fireden I bought 2 more,1546004202.0
ARMY GREEN,4757543,5,M,Good fit,1545653493.0
RED WINE,4757543,5,2XL,Good quality,1545392154.0
BLACK,4757543,5,XL,Nice,1545226390.0
ARMY GREEN,4757543,5,XL,It came separate from my other orders but it showed up a few days later. Customer service was very helpful.,1545226356.0
RED WINE,4757543,5,2XL,Love the product and the process. Will order from them again!,1544900327.0
KHAKI,4757543,5,M,"Satisfactory Customer Service and Received it a day later! However, the product is really good, keeps me worm, it is heavy duty. It is excatly what I saw on the picture! Thanks!",1544653231.0
BLACK,4757543,5,L,"OMG!!! Awesome, quality is spot on, so very soft and warm! Absolutely love the pleats on the shoulders, they really stand out and are tre‚Äô  stylish. People this company rocks, I have never had a single issue, delivery are timely, mine average eight days from time of purchase and I live is the south USA. Attached picture is of the hoodie with my new shades and beanie , also part of this order",1544469045.0
RED WINE,4757543,4,M,"Good quality. Looks exactly like the one in the pictures, it's warm and comfortable.",1543585627.0
KHAKI,4757543,5,M,good material and matching real size. Like photo and same fit. Would recommend it.,1543276734.0
DARK GRAY,4757543,5,S,The relation quality/price is very good and shipment fast. I'm very satisfied with the purchase.,1542608323.0
ARMY GREEN,4757543,5,2XL,"He said fits, comfy, warm.",1542353626.0
,4757543,5,,"Its a light, soft, and very comfortable hoodie",1537328938.0
DARK GRAY,4757543,5,M,"so GOOGÔºålots of compliments and friends and people ask where I get it and referral to this website,",1537082664.0
DARK GRAY,4757543,5,M,Very happy with this stylish hoodise. Also great customer service Satisfaction!,1536996131.0
DARK GRAY,4757543,5,M,"It was very good, my girl buy it for meÔºåi love itÔºÅ",1536736135.0
multicolor,8351095,5,L,beautiful original looking hoodie!,1603407943.0
GREEN,5081996,5,M,,1544264580.0
MINT GREEN,7094097,5,2XL,this it's a wonderful shirt.  I wear a women's plus 3x USA size.   the fabric is lightweight &amp; washed/dried well on low.,1622966735.0
multicolor,7709402,5,XS,"I'm a women so even the XS is kinda large lol, but I still love it and it suit me. It's like the photo, the colors are vivids, and it keep me warm, i'm satisfied.",1576312994.0
BLACK,3177632,5,L,Good quality,1561939342.0
GRAY GOOSE,7114529,5,L,Just a little small but looks great,1605166060.0
GRAY GOOSE,7114529,5,M,This is one of my favorites.  I love the elbow pads.  very stylish.  Fits well,1604135125.0
GRAY GOOSE,7114529,5,2XL,comfortable,1576421741.0
DEEP BLUE,1606194,5,2XL,This is a very comfortable and warm hoodie and has become my go to for anytime I'm going out and need something beyond a shirt.,1617885695.0
GOLDEN BROWN,3233368,5,2XL,looks good on my husband.,1609612410.0
BLACK,3383596,5,M,Perfect!,1590091493.0
BLACK,8345299,5,M,Nice. very unique piece,1603827398.0
multicolor,3373794,5,M,love it. cant wait to see my boyfriend in it,1576035780.0
DODGER BLUE,7471550,5,2XL,NiceSatisfactory Customer ServiceGood qualityReceived it on time,1623530639.0
OFF WHITE,1574180,5,XL,Good quality,1597541583.0
OFF WHITE,1574180,5,XL,Very nice shirt nice stuff,1515973043.0
OFF WHITE,1574180,5,2XL,good     !!!!!!!!!!!!!!!!!!!!!!!!!!!!!!!!!!!!!!!!,1511247237.0
BLACK,8163412,5,M,NiceSatisfactory Customer ServiceGood quality,1618527679.0
ARMY GREEN,8163412,4,L,"Sur les 4 article command√©s, c‚Äôest celui qui est le mieux fait m√™me si c‚Äôest bien plus souple que sur la photo et que donc √ßa ne rend pas pareil forc√©ment.",1617805609.0
BLACK,8163412,4,M,"Carina, molto calda. Un po'di incertezza iniziale su come montare la visiera ma poi fa il suo effetto",1606288702.0
BLUE GRAY,8163412,5,M,"very good item, face masks can be remooved if not needed",1602007681.0
BLACK,8163412,5,M,Nice product,1601161288.0
BLACK,8163412,5,S,üíØ,1600511251.0
BLACK,8163412,5,L,Good quality,1599582205.0
BLACK,8163412,5,M,Boyfriend loves it I can‚Äôt get it off him,1585971567.0
ARMY GREEN,8163412,5,L,my husband loves this hoodie,1583177054.0
BLACK,8163412,4,XL,Very cool. My boyfriend loves it!,1579224113.0
BLACK,8163412,5,3XL,Fabric feels so nice,1577151943.0
BLACK,8163412,5,L,Love it . It was a need for the winter here,1577130115.0
BLACK,8163412,5,L,"Large fits great for a Medium size male. Great for the cold, material is exceptional and looks just like shown on sample pictures.",1576675390.0
ARMY GREEN,8163412,5,L,awesome,1576527028.0
BLACK,8163412,5,L,Good quality product! My husband likes it a lot!,1575130875.0
BLACK,8163412,5,L,I love it,1574912156.0
BLACK,8163412,5,2XL,"The quality is excellent, it came two to three weeks before Nizhny Novgorod, I am very pleased with the product.",1574443111.0
ARMY GREEN,8163412,5,L,Love it thank you,1574431824.0
BLACK,8163412,5,L,ordered for my husband. it fits and looks stylish),1573710253.0
BLACK,8163412,5,M,"it's just like I saw it in the picture, good work",1573047482.0
BLACK,8163412,5,XL,Excelent and Beautiful  Jacket I love it,1572585034.0
BLACK,8163412,5,L,medieval design with nice collar,1572000412.0
BLACK,8163412,5,M,my son loves his hoodie ordered him 2 new ones for xmas as great fabric and easy to wash and wear,1571919053.0
BLACK,8163412,5,2XL,hubby is super pleased with his surprise!,1571883937.0
COFFEE,8163412,5,M,"Looks great, great quality.",1571169733.0
BLACK,8163412,5,M,"Looks great, great quality.",1571169729.0
BLACK,8339439,5,L,I love the material in this sweatshirt as well,1600768640.0
WHITE,8199835,5,M,Great,1621731553.0
WHITE,8339433,5,S,not bad! silky material that could be scratchy if you don't wear s top underneath. but its warm and good for fall :),1598979529.0
DARK KHAKI,8348398,5,XL,Good quality fits perfect looks and feels good,1617577838.0
RED,6700364,5,2XL,"Nice ugly christmas sweater! I liked it so much I bought two- one red and one in green. It is good quality and well made with attention to little deatails. I like that the string holes for the hood are reinforced, as well as the kangroo pocket to keep your hands warm. It is very soft material too. It fits true to size as well. He cannot wait to wear it to his xmas party. I bought green for me and red for him. We are both super happy with our purchases.",1625594656.0
GREEN,6700364,5,XL,Nice ugly christmas sweater. Good quality and well made with attention to deatail. I like that the string holes for the hood are reinforced. As well as the kangroo pocket to keep your hands warm. It is very soft material too. It fits true to size as well. I cannot wait to wear it to xmas parties. I bought green for me and red for my bf. He loves his too.,1625594318.0
GREEN,6700364,5,M,Just what I wanted,1604362736.0
GREEN,6700364,5,2XL,"Amazing. Lightweight, festive enough to make my mom laugh on Christmas Eve,  and comfortable.",1579073574.0
BLACK,8339412,5,S,I got this for my bestie..........,1612431768.0
BLACK,8339412,5,L,Son in law loves his hoodie,1606522353.0
multicolor,5293644,5,M,Nice,1562197951.0
WHITE,8340406,5,3XL,NiceReceived it on timeSatisfactory Customer ServiceGood quality,1623983783.0
,8340406,5,,Oh my! Just love this sweatshirt. Brings back lots of college memories and living off of ramen. My friends think it so funny and iconic. It fit as expected and is very well made. Happy with purchase.,1598694311.0
WHITE,8203558,5,M,great hoodie love it,1600790768.0
YELLOW,8161277,5,M,awesome üëå üëçüëçüíØüíØ,1603221105.0
multicolor,8351106,5,XL,Hoodie looks good; colors are bright and clear. It's also very comfortable. I would definitely recommend this for other people.,1610562851.0
multicolor,8361380,5,M,can't wait to get this sweatshirt help the colors are as bright as they look,1612431811.0
YELLOW,3218602,5,3XL,Great hoodie i love it exactly as in the picture the material of it is great and just the size that i wanted it,1601894725.0
GREEN,3218602,5,2XL,"I've been looking all over for anything with this cute little smirking kitty. I never dreamed that I would find a HOODIE! (Dresslily you never let me down!) I love it! It's so adorable that I want to put it on and never take it off again. It was well packaged, very protected for it's long journey to the USA. It got here really super fast.  I'll take some pictures to add later, if I'm able to edit my review later. So glad I ordered this!!!",1555423950.0
ORANGE,1676430,5,L,"I literally love this hoodie so much I wish I would have ordered an extra large but a large fits me just perfect it compliments my body and it's so comfortable and warm, I love it so much üéÉüòçüëªI wear a 38 double d and this fits my chest a little tight but it's so cute I like it a little tight.",1599607937.0
multicolor,8275777,5,2XL,Great fabric. True to size,1592765664.0
DARK GRAY,8170240,5,2XL,Partner loved this fitted great,1590248350.0
BLACK,3184874,5,M,"Stylish hoodie, when u wear it ,u know that u will not c anyone having like it ",1561845630.0
DEEP BLUE,8367716,5,L,just perfect,1608162821.0
multicolor,8154182,5,L,NiceGood quality love this sweatshirt. Wear it all the time,1623530662.0
GREEN,5082088,5,2XL,the boys looked so cute,1607111020.0
GREEN,5082088,5,L,the boys looked so cute,1607110946.0
MOCHA,7942118,5,XL,"comfortable and right sweatshirt, colors faithful to the photo, very comfortable buttons, soft fabric and keeps the heat well, I like it very much",1598096659.0
MOCHA,7942118,5,XL,Amazing product. Buy it. Super warm and comfort that doesn't quit. good quality too.,1584859337.0
MOCHA,7942118,5,L,"so comfortable, true to size. nordered for my husband, fits well, good quality with nice material",1583375861.0
RED,2696742,5,L,"My favorite,",1579951946.0
BLUE,8217407,5,3XL,"very nice just like picture, true to size but I ordered a little big to be safe. I'll just be careful on sizes next purchase, still will wear. love it. Thank you.",1588443868.0
ARMY GREEN,8217407,5,XL,Wearing mine right now. Super soft. Crushed velvet fabric. Super cool. hoodie is practical and fashionable. Fabric is nice. Good quality,1584859708.0
TAUPE,7709705,5,2XL,Good quality and my boyfriend loved it so much the material felt amazing,1621068820.0
multicolor,4577473,5,2XL,nice and comfy,1577151556.0
LIGHT SKY BLUE,2961279,5,L,Received it on time,1561939097.0
LIGHT SKY BLUE,2961279,5,M,"Very stylish hoodie , i wished if it was red or grey color",1561845826.0
RED,8191569,5,L,Love,1605825606.0
BLACK,8371880,5,XXL,Looks great comfy and good for,1611087560.0
CADETBLUE,3239286,5,M,"it was very large for my size , but abt the quality it's good for the price",1561847343.0
DARK FOREST GREEN,5463218,5,M,nice shirt fits well. nice  bright colors.,1608565831.0
DARK FOREST GREEN,5463218,5,L,nice shirt. fits well. nice bright colors,1608565732.0
multicolor,5463218,5,2XL,So festive,1576913676.0
DARK FOREST GREEN,5463218,5,2XL,Loved it,1576913632.0
NAVY BLUE,5463218,5,XL,"In der Schweiz trage ich  L, bestellt habe ich XL, damit es passt. Bei den T-Shirts ist XL aber auch zu klein!",1563822151.0
multicolor,5463218,5,XL,"In der Schweiz trage ich Gr√∂sse L. Bestellt habe ich XL, damit es passt.",1563822015.0
multicolor,5463218,5,3XL,Cute Hoodie.  Right to wearing on christmas morning and opening presents. Print and quality is very good.,1532178911.0
multicolor,5463218,5,XL,love,1510878882.0
BLACK,3379373,5,XS,Nice,1566522935.0
CADETBLUE,3379373,5,XS,Nice,1566522703.0
multicolor,8270098,5,2XL,Great fabric. True to size,1592765708.0
MIDNIGHT BLUE,8336637,5,2XL,terrific hoodie!  thick &amp; high quality.,1617232566.0
GRAY,1726229,5,M,good pruduct,1565857432.0
ARMY GREEN,8196054,5,S,"Received it on time. Great quality, with the cloak biut at the bottom it sits just right. so comy tooo",1620474264.0
BLACK,8196054,5,M,So great and comfy I bought several,1618766565.0
BLACK,8196054,5,S,So lovely... love it so much!,1618766541.0
ARMY GREEN,8196054,5,L,Satisfactory Customer Service,1618527690.0
MIDNIGHT BLUE,8196054,5,2XL,"I thought that this could have been a mistake, however it was a pleasant surprise.. So pleasant I have now bought 4 :D",1616583750.0
ARMY GREEN,8196054,5,2XL,little small but will work for wat I got it forn,1615852291.0
ARMY GREEN,8196054,5,XL,Mein Mann ist begeistert! Etwas lang aber sonst super,1614072644.0
BLACK,8196054,5,2XL,a little on the small size but well made,1610846795.0
BLACK,8196054,5,2XL,"Excelente producto, muy recomendable.",1608703017.0
BLACK,8196054,5,M,I ordered this particular sweater and needless to say my expectations were surpassed. Very neatly packaged and  high quality fabric.,1601482392.0
BLACK,8196054,5,L,muy chulo llego a tiempo muy r√°pido y tal como sale en la foto muybn todo me encanta jajajajaa,1599131759.0
MIDNIGHT BLUE,8196054,5,L,surprisingly comfortable.  unsnap neck before trying it on. can't wait to try it at the Renaissance fair,1597891149.0
MIDNIGHT BLUE,8196054,5,2XL,nice,1592929106.0
FIREBRICK,8196054,5,L,awesomen,1592929075.0
BLACK,8196054,5,M,The straps on the wrists a pretty flimsy and also made of a very lightweight leather look-alike. Overall an excellent product otherwise!,1587736555.0
MIDNIGHT BLUE,8196054,5,3XL,husband loves it,1576898533.0
BLACK,8196054,5,M,Abs√∏lutely L√∏√∏ks G√∏rge√∏us It Fits Perfect &amp; Feels Amazing I Will Put A Picture Up S√∏√∏n nnThank Y√∏u www.dresslily.com,1575942974.0
MIDNIGHT BLUE,8196054,5,3XL,This hoodie is awesome and it was the right size for American person. I love how it feels plus the delivery time was so fast I love it. Thanks Dresslily.,1575570577.0
BLACK,8196054,5,XL,bada*s works well under my red jacket,1575333430.0
CARBON GRAY,8196054,5,M,"Fits perfect, very comfortable, and looks frickin sweet. Highly recommend this to anyone who is into the style.",1574729332.0
MIDNIGHT BLUE,8196054,5,L,Juste perfect! Nice packaging and which is arrived quickly!nI advise this web store and this Gothic hoodie!,1573669191.0
BLACK,8196054,5,2XL,"My man hasn't took this off since he got it. Looks amazing on him. Go up a size or two just in case, but it's a bad A looking piece of clothing. If you're into this style.",1573563626.0
BLACK,8196054,5,L,it fits me perfectly &lt;3 I love it,1573268261.0
MIDNIGHT BLUE,8196054,5,S,Little bit longer then it said but it fits very nice and is very comfortable I would defiantly recommend this to someone who likes long soft comfortable clothing,1573007498.0
MIDNIGHT BLUE,8196054,4,3XL,This is a great looking hoodie,1572649770.0
BLACK,8196054,5,3XL,"very good quality, nice light material so I can wear it for long periods of time without overheating, overall excellent",1572619294.0
BLACK,8196054,4,S,"I stand just over 6 feet tall with a lean build and this fits perfect, sleeves could be just a tad longer but with arms at my side they fall just before the knuckle of my thumb, with the bottom falling just above my ankles. Comfortable and snug. If intending to wear on a cold night, would recommend thermals underneath.",1571834284.0
WHITE,8244581,5,XL,It's nice lightweight and breathable. fits like a glove.,1624302755.0
WHITE,8244581,5,S,My son loves it :),1611075340.0
WHITE,8244581,5,S,This is the softest sweatshirt I have ever felt!,1594578095.0
WHITE,8244581,5,2XL,thankz!!!üíØit came fast just in tiime for trip!!!Thank You!!!üòÅ,1593129312.0
WHITE,8244581,5,M,Jumper came on time right size and very comfortable and it is perfect I love it,1588767632.0
,8244581,5,,The price at the time of purchase was $ 28. I think the quality of the clothes at this price is very good.,1583498485.0
,8244581,5,,I like it very much. Want to buy another,1583456395.0
,8244581,5,,Thank you very much!!!!,1583269661.0
,8244581,5,,"Bought for my boyfriend, very niceÔºÅ",1583053018.0
,8244581,5,,I love it.,1580780334.0
WHITE,8244581,5,2XL,it is a perfect fit,1577743750.0
BLACK,3026450,5,M,Awesome,1589226323.0
BLACK,3026450,5,M,Nice and  Good delivery service 20 days south of Morocco arrived and good quality and suitable price  thank you,1563374042.0
BLACK,3026450,5,M,Nice,1563290521.0
BLACK,3026450,5,M,Pretty,1561911708.0
COLORMIX,2859732,5,2XL,Received it on timeSatisfactory Customer ServiceGood quality,1623520178.0
COLORMIX,2859732,5,L,"Cute, one of my favoritte",1619020345.0
multicolor,8351867,5,S,Love it,1602097666.0
VIOLA PURPLE,6111924,5,L,"I like that it can be used with the middle pocket, or as a normal hoodie. so soft too!",1606596319.0
VIOLA PURPLE,6111924,5,XL,"perfect for all occasions.  kitten loves it, so do our ferrets.  pouch is removable so you can were it out as well.",1606572986.0
VIOLA PURPLE,6111924,5,2XL,"This jacket is possibly the best thing I've bought! The quality is amazing.  I was worried it wouldn't fit cause it's a men's 2xl and I have a 49"" bust,  but it's perfect.  Zips all the way,  top to bottom.  But it's INCREDIBLY soft velour!  Just as soft &amp; snuggly as my grand-puppy, pictured snuggled in the jacket!  It's designed for a baby,  but fits a small animal too. It's my puppy pocket! It's hot weather today but we just got a new air conditioner installed,  so it's chilly in our house.  n",1598247467.0
multicolor,8351854,5,S,Cute,1617853155.0
multicolor,8351854,5,3XL,"My sister loves it, and it fits just perfectly on her!! (3x)",1607236529.0
BLACK,8339792,5,2XL,"I absolutely love this! It looks just like pictured. I bought this as a gift for my man, but wanna keep it for myself! He wears a XL-2XL normally, but got 3XL (due to measurements.) The material isn't like regular cotton sweater material, it's a smooth polyester sublimated (absorbed in fabric) print. I love the smooth, sporty-like feel to it. I haven't tried it on, nor has the intended recipient. Totes worth the $$$. May need to find my man another sweater now.ü§£",1603520020.0
BLACK,3561115,5,M,so pretty. and good quality,1576035762.0
WHITE,3561115,5,L,"I love the pattern on this sweatshirt.  A little thinner material than I expected, but size was true and I love it.",1549324222.0
multicolor A,8160041,5,L,"Cute, simplismente lindo. Meu marido amou as cores e a qualidade da impress√£o e do tecido",1622937931.0
YELLOW,8160041,5,XL,Received it on time it was pretty Cute and Good quality. It was for my boyfriend and he seemed to really like it,1622378796.0
RED,8160041,5,L,Received it on timeGood quality,1622122202.0
WHITE,8160041,5,2XL,Cute,1621785118.0
PURPLE,8160041,5,XL,Cute,1621785067.0
RED,8160041,5,L,Good quality,1621784517.0
YELLOW,8160041,5,XL,Received it on time Good quality,1621784253.0
WHITE,8160041,5,S,NiceCuteGood quality,1620853902.0
multicolor A,8160041,5,XL,Good quality,1619594535.0
WHITE,8160041,5,L,"Good quality!Got this for my brother, it fit him perfectly. It's a great light weight material he can layer. He loves it!",1619493425.0
RED,8160041,5,XL,Received it on time Nice,1617947649.0
RED,8160041,5,XL,Nice,1617813618.0
WHITE,8160041,5,2XL,Nice Received it on time Good quality,1617162290.0
WHITE,8160041,5,S,Received it on timeCuteNiceSatisfactory Customer ServiceGood qualityThis is a great hoodie. I got it for my husband for Christmas and he loves it. He loves wolves.,1616544840.0
RED,8160041,5,2XL,My boyfriend absolutely loves this hoodie. it fits him nicely and keeps him warm on cold night.,1615381739.0
TEA GREEN,8160041,5,XL,"I got this for my boyfriend and he loves it. He's 5'10"" 260 lb if anyone it wondering size wise it fit perfectly.",1614805813.0
WHITE,8160041,5,2XL,true sinze,1612619510.0
WHITE,8160041,5,XL,my bf loves itn i bought a matching red and black one,1611548220.0
RED,8160041,5,XL,üíò,1611548190.0
WHITE,8160041,5,M,Bellissima felpa. Arrivata nei tempi previsti e con il classico sacchetto protettivo,1609314965.0
RED,8160041,5,L,"love the fabric, amazing fit and looks fantastic",1609016685.0
WHITE,8160041,5,L,fits well. thinner then expected though.,1608667353.0
multicolor A,8160041,5,M,Great size match. The colours are very bright and the hoodie is lovely.,1607167735.0
WHITE,8160041,5,XL,Very happy with all products will buy from again,1606560300.0
RED,8160041,4,2XL,Great vibrant image. Material very wearable. Runs small-order a size up.,1604968512.0
TEA GREEN,8160041,5,M,√à arrivata prestissimo e mio figlio √® stato molto contento. La felpa ha un bel colore e gli sta bene. Tessuto ottimo,1604015735.0
WHITE,8160041,5,M,THIS WEBSITE SCAMMED ME!!,1603671384.0
YELLOW,8160041,5,XS,Very good,1601967457.0
RED,8160041,5,M,nice,1601401703.0
multicolor A,8160041,5,XL,"Was shipped fast. The quality is very good, the texture of the hoodie feels silky, looks more expensive than your normal one. I would recommend buying it. The hoodie feels very nice to wear.",1600306367.0
RED,8160041,5,L,"Extremely happy with the product, looked exactly like the website and the sizing was true to size",1599872561.0
WHITE,8160041,5,XL,beautiful,1599709805.0
RED,8160041,5,L,"Really comfortable, great quality. Smooth.",1599456305.0
,8160041,5,,I was surprised by the quality and price of this hoodie at such an affordable price. Would buy again.,1599220626.0
,8160041,5,,I love the wolf pictures and the color design is a perfect match to one of my favorite shoes.,1599216245.0
WHITE,8160041,5,XL,True to size. Nice silk like material. Not cotton like most hoodies. Very nice,1591481837.0
multicolor A,8160041,4,M,"I originally was looking for something wolf-related for my wife as they are her go-to creature when it comes to the ones she appreciates the most in life, but I actually fell in love with this hoodie myself and couldn't afford not to get it. It fits well, it's comfortable and it feels good when I wear it. I like to think that the multicoloured aspect of it puts a smile on other people's faces, just as it does my own.",1589003570.0
WHITE,8160041,5,L,qualit√© prix c'eT ouf,1587910092.0
WHITE,8160041,5,2XL,I love this hoodie!,1586014748.0
multicolor A,8160041,5,L,Fits perfectly,1585971573.0
RED,8160041,5,L,Good quality,1585947250.0
WHITE,8160041,4,XL,My husband saw this hoodie and wanted it immediately. When it arrived the fabric was thinner than expected and has a shine to it. Not exactly what we expected but still ok.,1584663174.0
RED,8160041,5,XL,Love it! Wear it all the time.,1584647414.0
WHITE,8160041,5,M,So nice .. thanks ‚ù§Ô∏è‚ù§Ô∏è,1579090282.0
RED,8160041,5,L,I love it. worn it almost every day since I got it,1579070701.0
multicolor A,8160041,5,L,muy bonita la sudadera,1577631748.0
RED,8160041,5,L,"got this for my boyfriend, he loves it,the colours are vibrant and the fabric is comfortable, he doesn't take it off, definitely a perfect birthday present :)",1576179914.0
WHITE,8160041,5,M,super warm,1574643226.0
WHITE,8160041,5,L,freind brought this through me he loves the texture and bold design.  he has had a few comments on its unusual design.,1574635734.0
RED,8160041,5,L,"My friend was happy and he likes the hoodie very much. The material is pleasant and quite warm, although the fabric is quite thin. Product matches the picture and the colors are nice.",1574458292.0
TEA GREEN,8160041,5,L,"awesome top, awesome material! brought it for my best friend, it came so fast and hes going to love it",1573175735.0
TEA GREEN,8160041,5,L,My son loves it. I wanted it to be extra roomy for him so I ordered it 2 sizes bigger.  It was a good thing I did. Good quality fabric and Great workmanship.,1573142506.0
RED,8160041,5,L,"Received it on time, extremely fast actually. Item fabric is kind of thin but just have to later underneath. Ran a little smaller for me. I'm a taller guy and ordered a large and probably should have got an XL. Love the material and the design though. Will probably make this my daily hoodie.",1573060979.0
TEA GREEN,8160041,5,M,"The hoodie looks as good in person as it does in the picture on the website!! I ordered a size medium, and it fits really well!! Got one for me and my boyfriend, we both love it!!",1573057039.0
RED,8160041,4,M,Really nice hoodie,1572997073.0
WHITE,8160041,5,L,Nice quality,1572969776.0
TEA GREEN,8160041,5,XL,"er ist sch√∂n,  aber du denkst es kommt ein ho odie mit",1572524364.0
multicolor A,8160041,5,S,It‚Äôs a little long on me but it does it‚Äôs job. Wish it would have been a little bit thicker,1572465027.0
RED,8160041,5,M,cool,1571967855.0
WHITE,8160041,5,L,"i was a bit surprised about the material, but application is even better in person. we will see how it holds up after couple of washing. so far, so goodn",1571935504.0
YELLOW,8160041,5,S,Feels smooth and looks cool. Very pretty image and nice colour utilisation.,1571665723.0
multicolor A,8160041,5,2XL,"great! feels very comfortable. had to order 2xl to fit length, I'm tall and skinny. I'd order a size larger than normal",1571631898.0
multicolor A,8160041,5,2XL,clean ass hoodien,1571176644.0
WHITE,8160041,5,L,This hoodie looks amazing in real life. The perfect gift for a teenager,1571161268.0
RED,8160041,5,L,"Comfortable, keeps me warm, and it's the right size.",1570584382.0
WHITE,8160041,5,M,fucking amazballs fits perfect soooo soft absolutly in love,1570209242.0
RED,8160041,5,L,such a comfy pullover!,1569759774.0
RED,8160041,5,XL,I love it! It fits perfict and the design is amazing. defiantly worth the money,1569735305.0
RED,8160041,5,XL,"I used the measure chart and the size was perfect for me. The material is spantex and polyester. It's looks like the picture. The picture on this hoodie is good. The delivery arrived in 10 days, I'm from Germany.",1569668462.0
WHITE,8160041,4,M,The item arrived on time and the package was in a good state. The design of the hoodie is awesome however the material could have been better.,1569016704.0
WHITE,8160041,5,L,"perfect, very beautiful",1568903942.0
GRAY/RED,2816177,4,L,not as thick as I thought it would be more like a long sleeve shirt! is comfy tho!,1591391377.0
GRAY/RED,2816177,5,XL,this shirt is a nice fit. bought it for my husband. he didnt like it online but wears it frequently it looks good. well made simple shirt.,1574976230.0
GRAY/RED,2816177,5,XL,really nice!,1573894723.0
RED WINE,3378950,5,2XL,It‚Äôs was great,1585142221.0
WHITE,8376719,5,M,"Bought as a gift, can't comment on sizing as I haven't given it to the recipient yet. But the material feels nice &amp; it's really good looking hoodie.",1612357750.0
DEEP BLUE,3189793,5,XL,Received it on time,1610611194.0
COLORMIX,2244464,5,3XL,Habe es p√ºnktlich erhalten,1514401960.0
ARMY GREEN,1707147,5,XL,Got this for my husband and for perfect. Make sure you get it at least one or two size bigger than your actual size for it to fit.,1523117315.0
ARMY GREEN,1707147,5,M,Love this sweater. Fit perfect.,1516727329.0
GREEN,5427069,5,M,"I can‚Äôt wait for the Christmas season to show off this hoodie! Nice polyester fabric, vibrant print.",1568007911.0
BLACK,3299821,5,L,great fit looks really nice in person. the size chart works fantastic for this item,1579534170.0
YELLOW,8354767,5,XL,NiceReceived it on timeSatisfactory Customer ServiceGood quality,1618697687.0
BLACK,3286559,5,M,Super fun print and very comfortable. I wasn't expecting the print to be on the front and the back and the material isn't what I was expecting for a hoodie. I am pleased non the less!,1602557496.0
BLACK,3286555,5,2XL,"got for my husband. he hasn't tried it on yet but just by looking at it, 2x isn't going to fit. it's a short torso",1603333037.0
BLACK,3286555,5,2XL,exactly what's pictured ü§©,1603149937.0
BLACK,3286555,5,M,Cute,1577114795.0
BLACK,3286555,5,XL,Nice,1577114347.0
multicolor,3286551,5,L,Good quality,1603086451.0
BLACK,6590811,5,2XL,Nice,1569652425.0
DARK GRAY,7704358,5,L,really like the asymmetrical design,1572000361.0
GRAY,2658385,5,2XL,"so soft!! omg these are the super soft velvet-like (but much nicer) material both inside and out! extremely comfy, extremely warm!",1596003274.0
BLACK,6403378,5,3XL,Alles super,1590135617.0
CRYSTAL BLUE,6403378,5,M,genial. muy contentos,1577631815.0
BLACK,6403378,5,L,Perfect but dang kinda took long than expected,1577251437.0
BLACK,6403378,5,XL,bestie that i bought this for adores it and always thanks me bc he says it comfy and It just looks good on him with anything he wears shorts pants dressy or casual it's an a+,1576978568.0
BLACK,6403378,5,XL,very comfortable and cute!,1573008960.0
LIGHT BLUE,6403378,5,L,Super Ware,1543999904.0
LIGHT BLUE,6403378,5,XL,Cute,1515102242.0
RED / BLACK,1639339,5,L,love it fits just right,1491451142.0
DAY SKY BLUE,3234961,5,M,Nice,1577114823.0
DAY SKY BLUE,3234961,5,2XL,I had way more people compliment me on this pull over sweat shirt . Several even wanted to know were I got it so they could buy one.,1575169707.0
DAY SKY BLUE,3234961,5,2XL,"Good quality and excellent graphics!! True to size, and  excellent packaging!! Love it a lot, exactly as pictured!! Fast delivery, and excellent packaging.!!",1567710979.0
GRAY,2804108,5,3XL,3xl is equivalent to a sz XL but cool design overall,1605379122.0
LIGHT GRAY,2995694,5,2XL,Received it on timeSatisfactory Customer ServiceNice,1623520259.0
LIGHT GRAY,2995694,5,2XL,very nice,1576421655.0
YELLOW,2284583,5,2XL,great graphics soft comfy.,1573835593.0
YELLOW,2284583,5,XL,Satisfactory Customer Service great I love it,1560715350.0
YELLOW,2284583,5,3XL,thanks,1542554101.0
YELLOW,2284583,5,M,Love love love this sweater I‚Äôd recommend jus buy one size up,1535057644.0
COLORMIX,2878368,5,2XL,Fits perfectly and very good material.,1624536906.0
GREEN,2878368,5,4XL,Satisfactory Customer Service,1620827156.0
COLORMIX,2878368,5,3XL,It‚Äôs so nice - I love it ü•∞,1615373993.0
COLORMIX,2878368,5,2XL,Fit him perfectly and he loves itn,1614205829.0
ORANGE,2878368,5,L,"nice hoodie, love the esthetics. fabric is nice and comfortable on the skin. not too hot so it can be used for summer aswell",1606287669.0
COLORMIX,2878368,5,XL,he loved it,1584031031.0
RED,2878368,5,2XL,great product... fits perfect my hubby loves it!!,1583823282.0
MEDIUM TURQUOISE,2878368,5,M,loved it!,1581861291.0
MEDIUM TURQUOISE,2878368,5,M,My son loves this,1580813171.0
COLORMIX,2878368,5,M,check size chartnn,1577417843.0
COLORMIX,2878368,4,3XL,very vibrant,1576898518.0
RED,2878368,5,XL,great sweatshirt!!,1576083090.0
ORANGE,2878368,5,2XL,I love them.. great material. just what I expected.n,1576067205.0
RED,2878368,5,4XL,great gift. true to size.,1575795879.0
GREEN,2878368,5,M,My sons favourite jumper I‚Äôve washed it lots and it hasn‚Äôt faded,1575753038.0
ORANGE,2878368,5,4XL,fits well,1574192772.0
COLORMIX,2878368,5,4XL,love it,1573782554.0
RED,2878368,5,L,"amazing color, the guy I bought it for loves it",1573639564.0
COLORMIX,2878368,5,3XL,"–ù–µ —Ç–æ, —á—Ç–æ —è –æ–∂–∏–¥–∞–ª, –≤ –æ–ø–∏—Å–∞–Ω–∏–∏ —Ö–ª–æ–ø–æ–∫ –∏ –ø–æ–ª–∏—ç—Å—Ç–µ—Ä, –Ω–∞ —Å–∞–º–æ–º –¥–µ–ª–µ –∏–∑ —Ö–ª–æ–ø–∫–∞ —Ç–∞–º —Ç–æ–ª—å–∫–æ —à–Ω—É—Ä–æ–∫ –Ω–∞ –∫–∞–ø—é—à–æ–Ω–µ- –≥–æ–ª–∞—è —Å–∏–Ω—Ç–µ—Ç–∏–∫–∞. –ü–æ —Ä–∑–∞–º–µ—Ä—É 3XL –Ω–∞ 50 —Ä–∞–∑–º–µ—Ä, —Ä—É–∫–∞–≤–∞ –∫–æ—Ä–æ—Ç–∫–∏–µ, –æ–±—â–µ–º —Ä–∞–∑–æ—á–∞—Ä–æ–≤–∞–Ω–∏–µ –ø–æ–ª–Ω–æ–µ :(",1545764475.0
WHITE,3249933,4,2XL,i bought this shirt for my husband but it doesnt fit him. i think its hideous but its so soft and warm I wear it as a pajama sweatshirt and I love it!!,1574976327.0
ARMY GREEN,8170824,5,M,Very nice piece.  Fitted just as expected,1603827380.0
ARMY GREEN,8168513,5,L,Received it on time Good quality,1616933457.0
COLORMIX,2861941,5,M,Absolutely loved it,1586934742.0
COLORMIX,2861941,5,L,"Really love that shirt,",1580406870.0
COLORMIX,2861941,5,L,I was very surprised with the quality of this shirt with hoodie will be warm in the winter and it feels good to use it for dress or casual  you will not be let down  with dresslily your purchases are worth every dollar :D,1536105000.0
COLORMIX,3057485,3,M,Received it on time,1564064425.0
COLORMIX,3057485,5,2XL,low quality and it's tooo long i ordered xxl and received xxl but it look like 3xl,1561657407.0
WHITE,8157888,5,2XL,Good value for money,1623065930.0
multicolor,8268270,4,L,j'aime bien la mati√®re mais c'est asser l√©ger,1589417151.0
,8268277,5,,The material is unexpectedly great. My style. I normally wear a M and I'm 150 lbs.,1599887572.0
multicolor,8270120,5,2XL,Comfy fits well,1617391521.0
COLORMIX,2155255,5,2XL,"This shirt is everything I expected, from the  print all the way down  to the material.  Material felt good on skim which very important. Awe some sweat shirt! My favorite!",1520906329.0
BLACK,6779253,5,L,Brilliant,1606324058.0
GRAY,8214448,5,2XL,it is a perfect fit,1577743754.0
LIGHT GRAY,7116088,5,L,The sizes were way samller than expected even with measuring. Next time will buy 2 sizes bigger. Great product just small.,1620220941.0
DARK GRAY,7116088,5,M,Satisfactory Customer Service,1618527724.0
DARK GRAY,7116088,5,L,Satisfactory Customer Service,1618527713.0
LIGHT GRAY,7116088,5,L,Good qualitySatisfactory Customer Service,1618527665.0
LAVA RED,8371389,5,3XL,"Not what I expected but in a good way. I love everything about this hoodie. The tye dye pattern is awesome and I love the bright colours. It is a little big. I probably could have ordered a size smaller. It is very well made with attention to details like the hoodie string is reinforced at the bottom, the holes it comes out of are reinforced too, the sleeves have nice cuffs, I love the kangaroo pocket and the fact it has a hood. I would definately order again in a different colour.",1623421027.0
BLACK,969334,4,XL,"It's an alright hoodie. Fits well, is comfortable, and I like the look. THe hood is just a bit too small, but it's all good if you wear it fashionably",1492399971.0
multicolor,8352490,5,L,"True to size, fits my brother perfectly (even though I‚Äôm in the picture).",1610192567.0
multicolor,8352490,5,M,Lovely pattern and colouring and a good size match. Bought for my daughter for a present,1607167695.0
multicolor,8352490,5,XL,Very happy with product,1606714428.0
BLACK,8204321,5,2XL,"Took a while to come, but looks exactly like pictures, nice material, fits well, bought as a gift, my friend loves it!",1574654808.0
BLACK,8264400,5,L,"my son Love's it, very happy with the order, will shop again for sure. Thank you.",1588444547.0
BLACK,8264400,5,2XL,–û—Ç–ª–∏—á–Ω–æ–µ –∫–∞—á–µ—Å—Ç–≤–æ.–ù–∞ –ï–≤—Ä–æ–ø–µ–π—Å–∫–∏–π L —Å—Ç–æ–∏—Ç –≤–∑—è—Ç—å XL.,1586532933.0
multicolor,8352474,5,S,Nice Cute Received it on timeparfait exactement ce que j'attendais,1617225318.0
COFFEE,3185905,5,XL,this has laces in the center back. another cool piece,1597891232.0
COFFEE,3185905,5,2XL,Nice. Great look. Such a great buy. Perfect fit. Great addition to my wardrobe.,1538509611.0
BLACK,3185905,4,L,"good product but the back strings are frayed and seam to be weak in spots. amazing look, kinda lught but the frayed strings bug me. giving it 4 stars because the look is still amazing and i can change the strings.... i want more unique items like this on here.",1532127066.0
multicolor,8152631,5,XL,"great quality, material feels great and fits like the size I ordered",1574452650.0
multicolor,8345317,5,3XL,Good quality,1621785048.0
BLACK,8171720,5,L,my son loved the hoodie. it fit true to size. just wish the inside liner was different material,1596677611.0
LAVA RED,3208263,5,XL,Received it on time Satisfactory Customer Service Good quality Cute,1616679867.0
LAVA RED,3208263,5,L,well... you know I am a blood lover! lol the tongue makes it look like a vampire is about to like my boob but I still find it funny and crazy,1606346396.0
LAVA RED,3208263,5,XL,it's a good fit and the design is awesome and badass,1572715020.0
LAVA RED,3208263,5,L,I paid for this sweater and it never came in the mail,1538440859.0
MARBLE BLUE,8250264,5,2XL,Received in good timely fashion n fits great will definitely order again thank you !,1610548633.0
multicolor,8264433,5,M,feels amazing excellent quality print it's great for a gift for winter .,1599347346.0
LIGHT GRAY,8171764,5,XL,perfect,1599709774.0
GRAY,1418471,5,XL,Fits great,1614420429.0
LIGHT GRAY,1418471,5,M,He says he loves it!!!!,1589513731.0
BLACK,4858624,5,2XL,it fits perfect,1572562207.0
BLACK,8356030,5,XL,NiceGood quality,1618661242.0
BLACK,1889740,5,XL,"You don't actually find this model in my country (AR). Plus, excelent price and colors",1502082630.0
WHITE,1889740,5,M,looks absolutely stunning,1487100287.0
BLACK,1889740,5,XL,"This hoodie is beautifully made, but it is made for a person of a smaller build than my family has. The fabric is very soft. The wait time wasn't even too bad. When I have had a problem they have been more than happy to help me in addressing the problem. Overall I have been quite pleased with my Dresslily experience.",1481547565.0
LAVA RED,8356036,5,S,My friends are jealous!,1619991183.0
LAVA RED,8356036,5,XL,Absolutely incredibly made! Comfy and looks soooo cool! Worth every penny,1604347004.0
multicolor,8349748,5,XL,Excellent shirt. Size chart is correct.Highly recommendet.,1601471367.0
BLACK,8148177,5,XS,Feels amazing,1569355163.0
multicolor,8255424,5,M,b√™te de sweat,1587910101.0
multicolor,8255424,5,2XL,l love this,1584030997.0
RED,3216393,5,XL,birthday present for mad dog lady who loves it even though it's s man's.,1574635207.0
multicolor,8251089,5,L,"bonne qualit√© de produits, dans l'ensemble c'est correcte,",1587910006.0
WINE RED,1515037,5,L,My son looks good in it and wears it comfortable!!,1589513798.0
CADETBLUE,1515037,5,XL,For my daughter she loved it,1564005533.0
DEEP BLUE,1515037,5,L,I'm really satisfied from that product.I get my order really fast and everything was as good as they described.I totally recommend it.,1479675022.0
LIGHT GRAY,7886631,5,L,Good fit and comfortablen,1580148376.0
LIGHT GRAY,8368097,5,L,NiceSatisfactory Customer ServiceGood quality,1622569832.0
multicolor,8160293,5,2XL,perfect for my best friend!,1608773767.0
COLORMIX,2764755,5,XL,I thought it would be thick like a hoodie but it's still great.,1577039852.0
COLORMIX,2764755,5,XL,bestie that i bought this for adores it and always thanks me bc he says it comfy and It just looks good on him with anything he wears shorts pants dressy or casual it's an a+,1576977775.0
NEBULA,8353425,5,XL,"I was very satisfied, size is perfect and colors are bright and everything looks good.",1617590201.0
BLACK,8198457,5,M,Very stylish!,1579927406.0
BROWN BEAR,8198457,5,M,Very unique.  Fits well,1579927322.0
BLACK,8366711,5,L,Mein Mann liebt diesen pullover das Material ist sehr angenehmn,1614072527.0
MEDIUM SEA GREEN,4664182,5,XL,"Great fun for christmas party, nice and comfy for night out",1622479984.0
MEDIUM SEA GREEN,4664182,5,M,Purchased for the three boys in my family and they absolutely loved em.,1612913204.0
MEDIUM SEA GREEN,4664182,5,M,Son is so I in love with it. He‚Äôs been wearing it for a week straight now which includes sleeping in it.,1609845334.0
MEDIUM SEA GREEN,4664182,5,3XL,my brother's favorite jacket now,1597597789.0
